Column1;@id;ontology#hasLegend_reverse;deities_candidates;description_reverse;valid;deities_candidates_valid
128;http://numismatics.org/ocre/id/ric.5.gall(1).447c;PIETAS AVGG;['Pietas'];"Gallienus and Valerian, standing face to face, sacrificing at altar; right figure holding patera in right hand and parazonium in left hand (?); left figure holding patera in right hand and eagle-tipped sceptre in left hand";TRUE;['Pietas']
142;http://numismatics.org/ocre/id/ric.3.ant.292A_denarius;VOTA SOL DECENN II COS IIII;['Sol', 'Sol Invictus'];Antoninus Pius, veiled, togate. standing left, sacrificing out of patera in right hand over tripod-altar left, and holding roll in left hand at side: beside altar, a prostrate bulleft;FALSE;['Sol', 'Sol Invictus']
685;http://numismatics.org/ocre/id/ric.1(2).vit.150;PROVIDENT S C;['Providentia'];Altar enclosure with double paneled door and projections at top corners;TRUE;['Providentia']
881;http://numismatics.org/ocre/id/ric.1(2).aug.56A;FORTVN REDVC CAESARI AVG S P Q R;['Fortuna', 'Fortuna Felix', 'Fortuna Victrix'];Legend in three lines inscribed on rectangular altar;TRUE;['Fortuna']
1024;http://numismatics.org/ocre/id/ric.3.m_aur.761;CONCORDIA;['Concordia'];Square altar;TRUE;['Concordia']
1216;http://numismatics.org/ocre/id/ric.3.ant.1191B_dupondius;PIET AVG S C;['Pietas'];Rectangular altar, with door in front.;TRUE;['Pietas']
1473;http://numismatics.org/ocre/id/ric.4.tr_d.90;CONSECRATIO;['Constantia', 'Constantinopolis'];Rectangular altar, with four panels in front, lighted;FALSE;['Constantia', 'Constantinopolis']
1646;http://numismatics.org/ocre/id/ric.1(2).aug.363;C ANTIST VETVS FOR DVS P R QVM GABINIS;['Antioch'];Two veiled priests holding pig over altar right;FALSE;['Antioch']
1793;http://numismatics.org/ocre/id/ric.2_1(2).ves.1271;PROVIDENT S C;['Providentia'];"Garlanded rectangular altar, on which are palmettes and volutes, right and left of raised slab in center; in front, door with four panels";TRUE;['Providentia']
1794;http://numismatics.org/ocre/id/ric.4.el.191b;INVICTVS SACERDOS AVG;['Victory'];"Elagabalus, in Syrian priestly robes, standing left, sacrificing out of patera in right hand over lighted altar, and holding upright club in left hand; behind altar, a bull lying down; in field, star";FALSE;['Victory']
1932;http://numismatics.org/ocre/id/ric.2_1(2).dom.225;SALVTI AVGVST S C;['Salus', 'Salus Augusta'];Rectangular altar with three steps, door with four panels, horns at ends;TRUE;['Salus', 'Salus Augusta']
2215;http://numismatics.org/ocre/id/ric.5.car.127;CONSECRATIO;['Constantia', 'Constantinopolis'];Altar;FALSE;['Constantia', 'Constantinopolis']
2245;http://numismatics.org/ocre/id/ric.1(2).gal.209;SALVS GEN HVMANI;['Salus', 'Salus Augusta'];Female figure, draped, standing left, right foot on globe, holding patera over altar with right hand and upright rudder with left;TRUE;['Salus', 'Salus Augusta']
2367;http://numismatics.org/ocre/id/ric.1(2).aug.56B;FORTVN REDVC CAESARI AVG S P Q R;['Fortuna', 'Fortuna Felix', 'Fortuna Victrix'];Legend in three lines inscribed on rectangular altar;TRUE;['Fortuna']
2376;http://numismatics.org/ocre/id/ric.5.gall(1).9;CONSECRATIO;['Constantia', 'Constantinopolis'];Altar;FALSE;['Constantia', 'Constantinopolis']
2407;http://numismatics.org/ocre/id/ric.5.cg.257;CONSAECRATIO;['Constantia', 'Constantinopolis', 'Saeculum Frugiferum'];Altar;FALSE;['Constantia', 'Constantinopolis', 'Saeculum Frugiferum']
2520;http://numismatics.org/ocre/id/ric.4.el.350;INVICTVS SACERDOS AVG S C;['Victory'];"Elagabalus, in Syrian priestly robes, standing right, sacrificing out of patera in right hand over lighted altar, holding club in left hand; behind altar, bull crouching; something in field, star";FALSE;['Victory']
2536;http://numismatics.org/ocre/id/ric.3.ant.1147;PIETAS AVG S C;['Pietas'];Peitas, standing right, hand at side, dropping incense on altar, right;TRUE;['Pietas']
2704;http://numismatics.org/ocre/id/ric.4.el.371;SACERD DEI SOLIS ELAGAB S C;['Sol'];"Elagabalus, in Syrian priestly robes, standing left, sacrificing out of patera in right hand over lighted altar, holding cypress-branch in left hand; in field, star";TRUE;['Sol']
2921;http://numismatics.org/ocre/id/ric.1(2).gal.499;PROVIDENT S C;['Providentia'];Altar enclosure with double paneled door and various ornaments;TRUE;['Providentia']
3074;http://numismatics.org/ocre/id/ric.3.ant.292B;VOTA SOL DECENN II COS IIII;['Sol', 'Sol Invictus'];Antoninus Pius, veiled, togate. standing left, sacrificing out of patera in right hand over tripod-altar left, and holding roll in left hand at side: beside altar, a prostrate bulleft;FALSE;['Sol', 'Sol Invictus']
3114;http://numismatics.org/ocre/id/ric.5.tet_i.167;CONSECR or CONSECRA;['Constantia', 'Constantinopolis'];Altar;FALSE;['Constantia', 'Constantinopolis']
3420;http://numismatics.org/ocre/id/ric.4.ss.881_as;MATER CASTRORVM S C;['Castor'];"Julia Domna, diademed and veiled, draped, standing left, sacrificing out of patera in right hand over altar, holding caduceus in left hand; in front, three standards";FALSE;['Castor']
3728;http://numismatics.org/ocre/id/ric.5.cg.188;RESTIT [PIETAT]IS;['Pietas'];Claudius Gothicus, standing left, sacrificing out of patera held in right hand at altar, and holding sceptre in left hand;TRUE;['Pietas']
3781;http://numismatics.org/ocre/id/ric.4.ge.134b;CONCORDIA AVGVSTORVM S C;['Concordia'];"Caracalla and Geta, veiled, standing right and left facing each other, sacrificing over altar in centre; the one on the left holds roll, the one on the right holds baton (sword?)";TRUE;['Concordia']
4013;http://numismatics.org/ocre/id/ric.2_1(2).tit.449;IMP T VESP AVG REST S C PROVIDENT;['Providentia'];Altar;TRUE;['Providentia']
4121;http://numismatics.org/ocre/id/ric.3.com.272;CONSECRATIO;['Constantia', 'Constantinopolis'];Eagle, standing right on garlanded altar, head left;FALSE;['Constantia', 'Constantinopolis']
4540;http://numismatics.org/ocre/id/ric.2_1(2).ves.1234;PROVIDENT S C;['Providentia'];"Rectangular altar, on which are palmettes and volutes, right and left of raised slab in center; in front, door with four panels";TRUE;['Providentia']
4701;http://numismatics.org/ocre/id/ric.3.ant.291B;VOTA SOL DEC II COS IIII;['Sol', 'Sol Invictus'];Antoninus Pius, veiled, togate. standing left, sacrificing out of patera in right hand over tripod-altar left, and holding roll in left hand at side: beside altar, a prostrate bulleft;FALSE;['Sol', 'Sol Invictus']
4703;http://numismatics.org/ocre/id/ric.2_1(2).ves.1200;PROVIDENT S C;['Providentia'];Altar;TRUE;['Providentia']
4870;http://numismatics.org/ocre/id/ric.2_1(2).tit.456;IMP T CAES AVG REST S C PROVIDENT;['Providentia'];Altar;TRUE;['Providentia']
4898;http://numismatics.org/ocre/id/ric.4.el.133;SACERD DEI SOLIS ELAGAB;['Sol'];Elagabalus, in Syrian priestly robes, standing right, sacrificing out of patera in right hand over lighted altar, holding upright club in left hand;TRUE;['Sol']
4920;http://numismatics.org/ocre/id/ric.2_1(2).ves.671;PROVIDENT S C;['Providentia'];Altar;TRUE;['Providentia']
4953;http://numismatics.org/ocre/id/ric.4.tr_d.86B;CONSECRATIO;['Constantia', 'Constantinopolis'];Rectangular altar, with four panels in front, lighted;FALSE;['Constantia', 'Constantinopolis']
5415;http://numismatics.org/ocre/id/ric.5.val_ii.24;CONSECRATIO;['Constantia', 'Constantinopolis'];Altar;FALSE;['Constantia', 'Constantinopolis']
5638;http://numismatics.org/ocre/id/ric.4.gor_iii.324;VICTORIA AVG;['Victory'];"Gordian III, veiled, togate, standing left, sacrificing out of patera in right hand over altar, accompanied by an attendant; in background, round tretrastyle temple, NEIKH O??O?OPOC; to left, victimarius raising arm to strike bull; in centre of temple, statue holding spear";TRUE;['Victory']
5652;http://numismatics.org/ocre/id/ric.3.ant.1018;VOTA SOL DEC II COS IIII S C;['Sol', 'Sol Invictus'];"Antoninus Pius, standing left, sacrificing with patera over tripod, left arm at side; by altar, bull reclining";FALSE;['Sol', 'Sol Invictus']
6041;http://numismatics.org/ocre/id/ric.3.ant.292A_aureus;VOTA SOL DECENN II COS IIII;['Sol', 'Sol Invictus'];Antoninus Pius, veiled, togate. standing left, sacrificing out of patera in right hand over tripod-altar left, and holding roll in left hand at side: beside altar, a prostrate bulleft;FALSE;['Sol', 'Sol Invictus']
6112;http://numismatics.org/ocre/id/ric.3.ant.1019;VOTA SOL DECENN II COS IIII S C;['Sol', 'Sol Invictus'];"Antoninus Pius, standing left, sacrificing with patera over tripod, left arm at side; by altar, bull reclining";FALSE;['Sol', 'Sol Invictus']
6533;http://numismatics.org/ocre/id/ric.2_1(2).tit.451;IMP T CAES AVG REST S C  PROVIDENT;['Providentia'];Altar;TRUE;['Providentia']
6599;http://numismatics.org/ocre/id/ric.4.ss.860;MATRI CASTRORVM S C;['Castor'];"Julia Domna, veiled, draped, standing left, sacrificing out of patera in right hand over altar and holding a box of incense in left hand; to left, two standards";FALSE;['Castor']
6858;http://numismatics.org/ocre/id/ric.3.com.658;CONSECRATIO S C;['Constantia', 'Constantinopolis'];Eagle, head right, standing left on garlanded altar;FALSE;['Constantia', 'Constantinopolis']
6949;http://numismatics.org/ocre/id/ric.2_1(2).dom.208;SALVTI AVGVST S C;['Salus', 'Salus Augusta'];Rectangular altar with three steps, door with four panels, horns at ends;TRUE;['Salus', 'Salus Augusta']
7144;http://numismatics.org/ocre/id/ric.2_1(2).ves.729;PROVIDEN S C;['Providentia'];Altar;TRUE;['Providentia']
7249;http://numismatics.org/ocre/id/ric.5.gall(1).447;PIETAS AVGG;['Pietas'];"Gallienus and Valerian, standing face to face, sacrificing at altar; right figure holding patera in right hand and parazonium in left hand (?); left figure holding patera in right hand and eagle-tipped sceptre in left hand";TRUE;['Pietas']
7402;http://numismatics.org/ocre/id/ric.4.el.133A;SACERD DEI SOLIS ELAGAB;['Sol'];Elagabalus, in Syrian priestly robes, standing right, sacrificing out of patera in right hand over lighted altar, holding upright club in left hand;TRUE;['Sol']
7553;http://numismatics.org/ocre/id/ric.5.val_ii.26;CONSECRATIO;['Constantia', 'Constantinopolis'];Altar;FALSE;['Constantia', 'Constantinopolis']
7582;http://numismatics.org/ocre/id/ric.5.gall(1).446;PIETAS AVGG;['Pietas'];"Gallienus and Valerian, standing face to face, sacrificing at altar; right figure holding patera in right hand and parazonium in left hand (?); left figure holding patera in right hand and eagle-tipped sceptre in left hand";TRUE;['Pietas']
7635;http://numismatics.org/ocre/id/ric.5.aur.322;AVRELIANVS AVG CONS;['Constantia', 'Constantinopolis'];Aurelian, standing left, sacrificing at altar, holding patera in right hand and long sceptre in left hand;FALSE;['Constantia', 'Constantinopolis']
7777;http://numismatics.org/ocre/id/ric.2_1(2).ves.317;PROVIDENT S C;['Providentia'];Altar;TRUE;['Providentia']
8529;http://numismatics.org/ocre/id/ric.4.ss.563B;MATER CASTRORVM;['Castor'];"Julia Domna, draped, standing left, sacrificing out of patera in right hand over altar (around which serpent coils?) and holding sceptre in right hand; to left, three standards";FALSE;['Castor']
8763;http://numismatics.org/ocre/id/ric.2_1(2).ves.1270;PROVIDENT S C;['Providentia'];"Rectangular altar, on which are palmettes and volutes, right and left of raised slab in center; in front, door with four panels";TRUE;['Providentia']
9055;http://numismatics.org/ocre/id/ric.3.m_aur.248;VOTA SOL DECENN COS III;['Sol', 'Sol Invictus'];Marcus Aurelius, veiled, togate, standing left, sacrificing out of patera in right hand over lighted altar left, holding roll in left hand at side: by altar, a bull prostrate.;FALSE;['Sol', 'Sol Invictus']
9873;http://numismatics.org/ocre/id/ric.5.cg.189;RESTITVTOR ORBIS;['Orbis'];Claudius Gothicus, standing left, sacrificing out of patera held in right hand at altar, and holding sceptre in left hand;TRUE;['Orbis']
9885;http://numismatics.org/ocre/id/ric.4.tr_d.82A;CONSECRATIO;['Constantia', 'Constantinopolis'];Rectangular altar, with four panels in front, lighted;FALSE;['Constantia', 'Constantinopolis']
10584;http://numismatics.org/ocre/id/ric.4.crl.204;VOTA SOLVT DEC COS III;['Sol'];"Caracalla, veiled, togate, standing left, sacrificing out of patera in right hand over tripod and holding roll in left hand; by altar, bull";FALSE;['Sol']
10767;http://numismatics.org/ocre/id/ric.1(2).gal.172;SALVS GEN HVMANI;['Salus', 'Salus Augusta'];Female figure, draped, standing left, right foot on globe, holding patera over altar with right hand and upright rudder with left;TRUE;['Salus']
10891;http://numismatics.org/ocre/id/ric.4.tr_d.98;CONSECRATIO;['Constantia', 'Constantinopolis'];Rectangular altar, with four panels in front, lighted;FALSE;['Constantia', 'Constantinopolis']
11652;http://numismatics.org/ocre/id/ric.3.ant.1191Ab_dupondius;PIET AVG S C;['Pietas'];Rectangular altar, with door in front.;TRUE;['Pietas']
11814;http://numismatics.org/ocre/id/ric.5.cg.261;CONSECRATIO;['Constantia', 'Constantinopolis'];Altar;FALSE;['Constantia', 'Constantinopolis']
11895;http://numismatics.org/ocre/id/ric.5.aur.319;AVRELIANVS AVG CONS;['Constantia', 'Constantinopolis'];Aurelian, standing left, sacrificing at altar, holding patera in right hand and sceptre (short or long) or book in right hand;FALSE;['Constantia', 'Constantinopolis']
12210;http://numismatics.org/ocre/id/ric.4.tr_d.86;CONSECRATIO;['Constantia', 'Constantinopolis'];Rectangular altar, with four panels in front, lighted;FALSE;['Constantia', 'Constantinopolis']
12843;http://numismatics.org/ocre/id/ric.2_1(2).ves.489;PROVIDENT S C;['Providentia'];Altar;TRUE;['Providentia']
13221;http://numismatics.org/ocre/id/ric.1(2).gal.96;SALVS GENE HVMANI;['Salus', 'Salus Augusta'];Female figure, draped, standing left, right foot on globe, holding patera over altar with right hand and upright rudder with left;TRUE;['Salus']
13490;http://numismatics.org/ocre/id/ric.3.com.664;CONSECRATIO S C;['Constantia', 'Constantinopolis'];Eagle, head left, standing right on garlanded altar;FALSE;['Constantia', 'Constantinopolis']
13569;http://numismatics.org/ocre/id/ric.2_1(2).ves.313;PROVID S C;['Providentia'];Altar;TRUE;['Providentia']
13644;http://numismatics.org/ocre/id/ric.2_1(2).dom.305;SALVTI AVGVSTI S C;['Salus', 'Salus Augusta'];Rectangular altar with three steps, door with four panels, horns at ends;TRUE;['Salus', 'Salus Augusta']
13648;http://numismatics.org/ocre/id/ric.3.com.161;VOT SOL DEC P M TR P XII IMP VIII COS V P P;['Sol', 'Sol Invictus'];"Commodus, veiled, togate, standing left, sacrificing over lighted altar from patera in right hand; to left, victim";FALSE;['Sol', 'Sol Invictus']
13784;http://numismatics.org/ocre/id/ric.3.m_aur.1659;MATRI CASTRORVM S C;['Castor'];"Faustina, veiled, draped, standing left, sacrificing onto decorated and lighted altar from patera in right hand and holding incense-box in left hand; to left, three standards.";FALSE;['Castor']
13870;http://numismatics.org/ocre/id/ric.2_1(2).dom.625;COS XIIII LVD SAEC FEC S C;['Saeculum Frugiferum'];"Domitian standing left over altar; victimarius with bull left; flute and lyre players right; hexastyle column behind";FALSE;['Saeculum Frugiferum']
14198;http://numismatics.org/ocre/id/ric.5.val_i.285.3;PIETAS AVGG;['Pietas'];Valerian and Gallienus, standing face to face, sacrificing at altar between them;TRUE;['Pietas']
14668;http://numismatics.org/ocre/id/ric.1(2).gal.211;SALVS GEN HVMANI;['Salus', 'Salus Augusta'];Female figure, draped, standing left, right foot on globe, holding patera over altar with right hand and upright rudder with left;TRUE;['Salus']
14674;http://numismatics.org/ocre/id/ric.3.ant.1009;VOTA SOL DECENN II COS IIII S C;['Sol', 'Sol Invictus'];"Antoninus Pius, standing left, sacrificing with patera over tripod, left arm at side; by altar, bull reclining";FALSE;['Sol', 'Sol Invictus']
14750;http://numismatics.org/ocre/id/ric.3.ant.292D;VOTA SOL DECENN II COS IIII;['Sol', 'Sol Invictus'];Antoninus Pius, veiled, togate. standing left, sacrificing out of patera in right hand over tripod-altar left, and holding roll in left hand at side: beside altar, a prostrate bulleft;FALSE;['Sol', 'Sol Invictus']
14907;http://numismatics.org/ocre/id/ric.2_1(2).ves.631;PROVIDENT S C;['Providentia'];Altar;TRUE;['Providentia']
15341;http://numismatics.org/ocre/id/ric.4.tr_d.92B;CONSECRATIO;['Constantia', 'Constantinopolis'];Rectangular altar, with four panels in front, lighted;FALSE;['Constantia', 'Constantinopolis']
15458;http://numismatics.org/ocre/id/ric.4.el.133B;SACERD DEI SOLIS ELAGAB;['Sol'];Elagabalus, in Syrian priestly robes, standing right, sacrificing out of patera in right hand over lighted altar, holding upright club in left hand;TRUE;['Sol']
15566;http://numismatics.org/ocre/id/ric.4.tr_d.92;CONSECRATIO;['Constantia', 'Constantinopolis'];Rectangular altar, with four panels in front, lighted;FALSE;['Constantia', 'Constantinopolis']
15718;http://numismatics.org/ocre/id/ric.5.cg.264;CONSECRATIO;['Constantia', 'Constantinopolis'];Altar;FALSE;['Constantia', 'Constantinopolis']
15745;http://numismatics.org/ocre/id/ric.1(2).vit.174;PROVIDENT S C;['Providentia'];Altar enclosure with double paneled door and projections at top corners;TRUE;['Providentia']
16227;http://numismatics.org/ocre/id/ric.1(2).vit.163;PROVIDENT S C;['Providentia'];Altar enclosure with double paneled door and projections at top corners;TRUE;['Providentia']
16390;http://numismatics.org/ocre/id/ric.4.tr_d.78;CONSECRATIO;['Constantia', 'Constantinopolis'];Rectangular altar, with four panels in front, lighted;FALSE;['Constantia', 'Constantinopolis']
16506;http://numismatics.org/ocre/id/ric.3.ant.1191Aa_as;PIET AVG S C;['Pietas'];Rectangular altar, with door in front.;TRUE;['Pietas']
16628;http://numismatics.org/ocre/id/ric.4.crl.191D;CONSECRATIO;['Constantia', 'Constantinopolis'];Eagle, standing front, head left, on low column or altar;FALSE;['Constantia', 'Constantinopolis']
16676;http://numismatics.org/ocre/id/ric.4.ss.880_dupondius;MATER CASTRORVM S C;['Castor'];"Julia Domna, diademed and veiled, draped, standing left, sacrificing out of patera in right hand over altar, holding sceptre in left hand; in front, three standards";FALSE;['Castor']
16823;http://numismatics.org/ocre/id/ric.2_1(2).ves.1201;PROVIDENT S C;['Providentia'];Garlanded altar;TRUE;['Providentia']
17099;http://numismatics.org/ocre/id/ric.3.m_aur.1495;PIETAS S C;['Pietas'];Piestas, draped, standing front, head left, raising right hand over lighted altar and holding incense box in left hand;TRUE;['Pietas']
17125;http://numismatics.org/ocre/id/ric.5.cg.263;CONSECRATIO;['Constantia', 'Constantinopolis'];Altar;FALSE;['Constantia', 'Constantinopolis']
17151;http://numismatics.org/ocre/id/ric.3.ant.292C;VOTA SOL DECENN II COS IIII;['Sol', 'Sol Invictus'];Antoninus Pius, veiled, togate. standing left, sacrificing out of patera in right hand over tripod-altar left, and holding roll in left hand at side: beside altar, a prostrate bulleft;FALSE;['Sol', 'Sol Invictus']
17423;http://numismatics.org/ocre/id/ric.3.ant.1191Ab_as;PIET AVG S C;['Pietas'];Rectangular altar, with door in front.;TRUE;['Pietas']
17479;http://numismatics.org/ocre/id/ric.5.val_i.284;PIETAS AVGG;['Pietas'];Valerian and Gallienus, standing face to face, sacrificing at altar between them;TRUE;['Pietas']
17636;http://numismatics.org/ocre/id/ric.5.reg.1;CONCOR(rev. D)IA AVGG;['Concordia'];"Regalianus and Dryantilla, standing facing each other; between, altar";TRUE;['Concordia']
18525;http://numismatics.org/ocre/id/ric.5.aur.4;PACATOR ORBIS;['Orbis'];Aurelian, standing left by altar, holding sceptre;TRUE;['Orbis']
18633;http://numismatics.org/ocre/id/ric.5.car.111;CONSECRATIO AVG;['Constantia', 'Constantinopolis'];Altar;FALSE;['Constantia', 'Constantinopolis']
18947;http://numismatics.org/ocre/id/ric.2_1(2).dom.628;COS XIIII LVD SAEC FEC S C;['Saeculum Frugiferum'];"Domitian standing left over altar; victimarius with sheep and goat left; flute and lyre players right; hexastyle column with eagle in pediment behind";FALSE;['Saeculum Frugiferum']
19059;http://numismatics.org/ocre/id/ric.3.ant.291A;VOTA SOL DEC II COS IIII;['Sol', 'Sol Invictus'];Antoninus Pius, veiled, togate. standing left, sacrificing out of patera in right hand over tripod-altar left, and holding roll in left hand at side: beside altar, a prostrate bulleft;FALSE;['Sol', 'Sol Invictus']
19102;http://numismatics.org/ocre/id/ric.2_1(2).ves.1167;PROVIDENT S C;['Providentia'];Altar;TRUE;['Providentia']
19135;http://numismatics.org/ocre/id/ric.3.m_aur.431;CONSECRATIO;['Constantia', 'Constantinopolis'];Eagle standing right, head left, on altar decoraed with garlands;FALSE;['Constantia', 'Constantinopolis']
19473;http://numismatics.org/ocre/id/ric.5.car.110;CONSECRATIO;['Constantia', 'Constantinopolis'];Altar;FALSE;['Constantia', 'Constantinopolis']
19728;http://numismatics.org/ocre/id/ric.3.m_aur.1662;MATRI CASTRORVM S C;['Castor'];"Faustina, veiled, draped, standing left, sacrificing onto decorated and lighted altar from patera in right hand and holding incense-box in left hand; to left, two standards.";FALSE;['Castor']
19748;http://numismatics.org/ocre/id/ric.4.ss.567_aureus;MATRI CASTRORVM;['Castor'];"Julia Domna, veiled, draped, standing left, sacrificing out of patera in right hand over altar and holding a box of incense in left hand; to left, two standards";FALSE;['Castor']
19808;http://numismatics.org/ocre/id/ric.3.com.281b;DIS GENITALIBVS;['Genius', 'Genius of Lugdunum', 'Genius of the Senate', 'Italia'];Garlanded and lighted rectangular altar;TRUE;['Genius']
19865;http://numismatics.org/ocre/id/ric.5.cg.260;CONSECRATIO;['Constantia', 'Constantinopolis'];Altar;FALSE;['Constantia', 'Constantinopolis']
19900;http://numismatics.org/ocre/id/ric.1(2).gal.147;SALVS GEN HVMANI;['Salus', 'Salus Augusta'];Female figure, draped, standing left, right foot on globe, holding patera over altar with right hand and upright rudder with left;TRUE;['Salus']
20230;http://numismatics.org/ocre/id/ric.4.el.131;SACERD DEI SOLIS ELAGAB;['Sol'];"Elagabalus, in Syrian priestly robes, standing right, sacrificing out of patera in right hand over lighted altar, holding upright club in left hand; usually in field, star";TRUE;['Sol']
20367;http://numismatics.org/ocre/id/ric.5.aur.320;AVRELIANVS AVG CONS;['Constantia', 'Constantinopolis'];Aurelian, standing left, sacrificing at altar, holding patera in right hand and short sceptre in left hand;FALSE;['Constantia', 'Constantinopolis']
20508;http://numismatics.org/ocre/id/ric.2_1(2).ves.1166;PROVIDENT S C;['Providentia'];Altar;TRUE;['Providentia']
20830;http://numismatics.org/ocre/id/ric.1(2).gal.206;SALVS GEN HVMANI;['Salus', 'Salus Augusta'];Female figure, draped, standing left, right foot on globe, holding patera over altar with right hand and upright rudder with left;TRUE;['Salus']
21021;http://numismatics.org/ocre/id/ric.3.ant.1062;VOTA SOL DEC II COS IIII S C;['Sol', 'Sol Invictus'];"Antoninus Pius, standing left, sacrificing with patera over tripod, left arm at side; by altar, bull reclining";FALSE;['Sol', 'Sol Invictus']
21036;http://numismatics.org/ocre/id/ric.5.cg.265;CONSECRATIO;['Constantia', 'Constantinopolis'];Altar, eagle to right or left;FALSE;['Constantia', 'Constantinopolis']
21142;http://numismatics.org/ocre/id/ric.5.post.165;SALVS AVGVSTI SC;['Salus', 'Salus Augusta'];Aesculapius, standing left, leaning on column, drawing serpent rising from altar toward him;TRUE;['Salus', 'Salus Augusta']
21235;http://numismatics.org/ocre/id/ric.5.gall(1).447c.2;PIETAS AVGG;['Pietas'];"Gallienus and Valerian, standing face to face, sacrificing at altar; right figure holding patera in right hand and parazonium in left hand (?); left figure holding patera in right hand and eagle-tipped sceptre in left hand";TRUE;['Pietas']
21239;http://numismatics.org/ocre/id/ric.2.tr.439;FIDES EXERCIT S C;['Fides', 'Fides Militum'];"Trajan standing right, clasping hands with soldier, who stands with three standard bearers; altar center";TRUE;['Fides']
21499;http://numismatics.org/ocre/id/ric.1(2).gal.208;SALVS GEN HVMANI;['Salus', 'Salus Augusta'];Female figure, draped, standing left, right foot on globe, holding patera over altar with right hand and upright rudder with left;TRUE;['Salus']
21754;http://numismatics.org/ocre/id/ric.4.pert.16;DIS GENITORIBVS S C;['Genius', 'Genius of Lugdunum', 'Genius of the Senate'];"Unidentified female deity, towered, draped, standing front, sacrificing from patera in right hand over altar and holding box of perfumes in left hand; to right, naked childing standing on globe, holding up both hands";TRUE;['Genius']
22111;http://numismatics.org/ocre/id/ric.5.val_i.285.2;PIETAS AVGG;['Pietas'];Valerian and Gallienus, standing face to face, sacrificing at altar between them;TRUE;['Pietas']
22618;http://numismatics.org/ocre/id/ric.5.val_ii.24a;CONSECRATIO;['Constantia', 'Constantinopolis'];Altar;FALSE;['Constantia', 'Constantinopolis']
22635;http://numismatics.org/ocre/id/ric.1(2).gal.214;SALVS GEN HVMANI;['Salus', 'Salus Augusta'];Female figure, draped, standing left, right foot on globe, holding patera over altar with right hand and upright rudder with left;TRUE;['Salus']
23449;http://numismatics.org/ocre/id/ric.3.ant.1026;VOTA SOL DEC II COS IIII SC;['Sol', 'Sol Invictus'];"Antoninus Pius, standing left, sacrificing with patera over tripod, left arm at side; by altar, bull reclining";FALSE;['Sol', 'Sol Invictus']
23568;http://numismatics.org/ocre/id/ric.5.cg.259;CONSECRATIO;['Constantia', 'Constantinopolis'];Altar;FALSE;['Constantia', 'Constantinopolis']
23932;http://numismatics.org/ocre/id/ric.5.qu.41;CONSECRATIO;['Constantia', 'Constantinopolis'];Altar;FALSE;['Constantia', 'Constantinopolis']
24266;http://numismatics.org/ocre/id/ric.5.gall(1).447a;PIETAS AVGG;['Pietas'];"Gallienus and Valerian, standing face to face, sacrificing at altar; right figure holding patera in right hand and parazonium in left hand (?); left figure holding patera in right hand and eagle-tipped sceptre in left hand";TRUE;['Pietas']
25091;http://numismatics.org/ocre/id/ric.3.ant.1191B_as;PIET AVG S C;['Pietas'];Rectangular altar, with door in front.;TRUE;['Pietas']
25170;http://numismatics.org/ocre/id/ric.2_1(2).dom.623;COS XIIII LVD SAEC FEC S C;['Saeculum Frugiferum'];"Domitian standing left over altar; flute and lyre players left; temple behind";FALSE;['Saeculum Frugiferum']
25458;http://numismatics.org/ocre/id/ric.5.val_i.285;PIETAS AVGG;['Pietas'];Valerian and Gallienus, standing face to face, sacrificing at altar between them;TRUE;['Pietas']
25488;http://numismatics.org/ocre/id/ric.5.gall(1).447a.1;PIETAS AVGG;['Pietas'];"Gallienus and Valerian, standing face to face, sacrificing at altar; right figure holding patera in right hand and parazonium in left hand (?); left figure holding patera in right hand and eagle-tipped sceptre in left hand";TRUE;['Pietas']
25690;http://numismatics.org/ocre/id/ric.4.el.351;INVICTVS SACERDOS AVG S C;['Victory'];"Elagabalus, in Syrian priestly robes, standing right, sacrificing out of patera in right hand over lighted altar, holding club in left hand; behind altar, bull crouching; something in field, star";FALSE;['Victory']
26017;http://numismatics.org/ocre/id/ric.4.el.134;SACERD DEI SOLIS ELAGAB;['Sol'];"Elagabalus, in Syrian priestly robes, standing right, sacrificing out of patera in right hand over lighted altar, holding upright club in left hand; in field, two stars";TRUE;['Sol']
26030;http://numismatics.org/ocre/id/ric.2_1(2).dom.624;COS XIIII LVD SAEC FEC S C;['Saeculum Frugiferum'];"Domitian standing left over altar; flute and lyre players left; temple behind";FALSE;['Saeculum Frugiferum']
26070;http://numismatics.org/ocre/id/ric.5.tet_i.164;CONSECRATIO;['Constantia', 'Constantinopolis'];Female figure, draped, standing left by altar, holding patera in right hand and spear or baton in left hand;FALSE;['Constantia', 'Constantinopolis']
26288;http://numismatics.org/ocre/id/ric.2_1(2).dom.226;SALVTI AVGVST S C;['Salus', 'Salus Augusta'];Rectangular altar on base with three steps, door with four panels, horns at ends;TRUE;['Salus', 'Salus Augusta']
26774;http://numismatics.org/ocre/id/ric.1(2).tib.80;PROVIDENT S C;['Providentia'];"Altar-enclosure with double paneled door right; various ornaments on top, left and right";TRUE;['Providentia']
27056;http://numismatics.org/ocre/id/ric.1(2).tib.81;PROVIDENT S C;['Providentia'];"Altar-enclosure with double paneled door right; various ornaments on top, left and right";TRUE;['Providentia']
27081;http://numismatics.org/ocre/id/ric.4.ss.884_as;MATRI CASTRORVM S C;['Castor'];"Julia Domna, veiled, draped, standing left, sacrificing out of patera in right hand over altar and holding a box of incense in left hand; to left, two standards";FALSE;['Castor']
27099;http://numismatics.org/ocre/id/ric.5.sala(2).83;RESTITVTOR ORBIS;['Orbis'];Gallienus, standing left, sacrificing at altar out of patera held in right hand and holding spear in left hand;TRUE;['Orbis']
27321;http://numismatics.org/ocre/id/ric.4.sa.720;CONSECRATIO S C;['Constantia', 'Constantinopolis'];Woman, draped, in towered headdress (?), standing left, sacrificing out of patera in right hand over altar and sceptre in left hand;FALSE;['Constantia', 'Constantinopolis']
27406;http://numismatics.org/ocre/id/ric.2_1(2).tit.454;IMP T VESP AVG REST S C PROVIDENT;['Providentia'];Altar;TRUE;['Providentia']
27589;http://numismatics.org/ocre/id/ric.5.car.50;CONSECRATIO;['Constantia', 'Constantinopolis'];Altar;FALSE;['Constantia', 'Constantinopolis']
27727;http://numismatics.org/ocre/id/ric.4.ge.134a;CONCORDIA AVGVSTORVM S C;['Concordia'];"Caracalla and Geta, veiled, standing right and left facing each other, sacrificing over altar in centre; the one on the left holds roll, the one on the right holds baton (sword?)";TRUE;['Concordia']
27909;http://numismatics.org/ocre/id/ric.1(2).aug.54A;FORT RED CAES AVG S P Q R;['Fortuna', 'Fortuna Felix', 'Fortuna Victrix'];Legend in three lines inscribed on rectangular altar;TRUE;['Fortuna']
28123;http://numismatics.org/ocre/id/ric.1(2).gal.210;SALVS GEN HVMANI;['Salus', 'Salus Augusta'];Female figure, draped, standing left, right foot on globe, holding patera over altar with right hand and upright rudder with left;TRUE;['Salus']
28139;http://numismatics.org/ocre/id/ric.5.car.426;CONSECRATIO;['Constantia', 'Constantinopolis'];Altar;FALSE;['Constantia', 'Constantinopolis']
28208;http://numismatics.org/ocre/id/ric.2_1(2).dom.228;SALVTI AVGVSTI S C;['Salus', 'Salus Augusta'];Rectangular altar with three steps, door with four panels, horns at ends;TRUE;['Salus', 'Salus Augusta']
28314;http://numismatics.org/ocre/id/ric.4.el.135;SACERD DEI SOLIS ELAGAB;['Sol'];"Elagabalus, in Syrian priestly robes, standing right, sacrificing out of patera in right hand over lighted altar, holding upright club in left hand; in field, star";TRUE;['Sol']
28475;http://numismatics.org/ocre/id/ric.2_1(2).ves.1280;PROVIDENT S C;['Providentia'];"Rectangular altar, on which are palmettes and volutes, right and left of raised slab in center; in front, door with four panels";TRUE;['Providentia']
28647;http://numismatics.org/ocre/id/ric.1(2).vit.129;PROVIDENT S C;['Providentia'];Altar enclosure with double paneled door and projections at top corners;TRUE;['Providentia']
28649;http://numismatics.org/ocre/id/ric.5.cg.83;PIETAS;['Pietas'];Lighted altar;TRUE;['Pietas']
28661;http://numismatics.org/ocre/id/ric.4.tr_d.92A;CONSECRATIO;['Constantia', 'Constantinopolis'];Rectangular altar, with four panels in front, lighted;FALSE;['Constantia', 'Constantinopolis']
28801;http://numismatics.org/ocre/id/ric.4.uran_ant.8;SOL ELAGABALVS;['Sol', 'Sol Invictus'];"Altar; below, jug; right and left, parasols and candelabra; left, eagle on sacred stone";TRUE;['Sol', 'Sol Invictus']
28918;http://numismatics.org/ocre/id/ric.3.m_aur.1660;MATRI CASTRORVM S C;['Castor'];"Faustina, veiled, draped, standing left, sacrificing onto decorated and lighted altar from patera in right hand and holding incense-box in left hand; to left, three standards.";FALSE;['Castor']
28991;http://numismatics.org/ocre/id/ric.3.m_aur.1706;CONSECRATIO S C;['Constantia', 'Constantinopolis'];Lighted altar, nearly square, with door in front, panels left and right of door and set on stepped base;FALSE;['Constantia', 'Constantinopolis']
29183;http://numismatics.org/ocre/id/ric.4.ss.884_dupondius;MATRI CASTRORVM S C;['Castor'];"Julia Domna, veiled, draped, standing left, sacrificing out of patera in right hand over altar and holding a box of incense in left hand; to left, two standards";FALSE;['Castor']
29300;http://numismatics.org/ocre/id/ric.1(2).gal.212;SALVS GEN HVMANI;['Salus', 'Salus Augusta'];Female figure, draped, standing left, right foot on globe, holding patera over altar with right hand and upright rudder with left;TRUE;['Salus']
30195;http://numismatics.org/ocre/id/ric.5.tet_i.269;SECVLVM;['Securitas'];Altar;FALSE;['Securitas']
30217;http://numismatics.org/ocre/id/ric.4.tr_d.88;CONSECRATIO;['Constantia', 'Constantinopolis'];Rectangular altar, with four panels in front, lighted;FALSE;['Constantia', 'Constantinopolis']
30491;http://numismatics.org/ocre/id/ric.2_1(2).dom.209;SALVTI AVGVST S C;['Salus', 'Salus Augusta'];Rectangular altar with three steps, door with four panels, horns at ends;TRUE;['Salus', 'Salus Augusta']
30644;http://numismatics.org/ocre/id/ric.4.tr_d.80;CONSECRATIO;['Constantia', 'Constantinopolis'];Rectangular altar, with four panels in front, lighted;FALSE;['Constantia', 'Constantinopolis']
30663;http://numismatics.org/ocre/id/ric.1(2).gal.205;SALVS GEN HVMANI;['Salus', 'Salus Augusta'];Female figure, draped, standing left, right foot on globe, holding patera over altar with right hand and upright rudder with left;TRUE;['Salus']
30677;http://numismatics.org/ocre/id/ric.4.el.191a;INVICTVS SACERDOS AVG;['Victory'];"Elagabalus, in Syrian priestly robes, standing left, sacrificing out of patera in right hand over lighted altar, and holding upright club in left hand; behind altar, a bull lying down; in field, star";FALSE;['Victory']
30863;http://numismatics.org/ocre/id/ric.4.tr_d.211;P M TR P II CONS V;['Constantia', 'Constantinopolis'];Herennius Etruscus, togate, standing left, sacrificing out of patera in right hand over altar;FALSE;['Constantia', 'Constantinopolis']
30874;http://numismatics.org/ocre/id/ric.2_1(2).ves.1272;PROVIDENT S C;['Providentia'];"Rectangular altar, on which are palmettes and volutes, right and left of raised slab in center; in front, door with four panels; panels decorated with figures";TRUE;['Providentia']
31279;http://numismatics.org/ocre/id/ric.5.cg.262;CONSECRATIO;['Constantia', 'Constantinopolis'];Altar;FALSE;['Constantia', 'Constantinopolis']
31340;http://numismatics.org/ocre/id/ric.1(2).gal.231;SALVS GEN HVMANI;['Salus', 'Salus Augusta'];Female figure, draped, standing left, right foot on globe, holding patera over altar with right hand and upright rudder with left;TRUE;['Salus']
31893;http://numismatics.org/ocre/id/ric.2_1(2).ves.1235;PROVIDENT S C;['Providentia'];"Garlanded rectangular altar, on which are palmettes and volutes, right and left of raised slab in center; in front, door with four panels";TRUE;['Providentia']
32123;http://numismatics.org/ocre/id/ric.1(2).aug.364;C ANTIST VETVS FOED P R CVM GABINIS;['Antioch'];Two veiled priests holding pig over altar right;FALSE;['Antioch']
32972;http://numismatics.org/ocre/id/ric.2_1(2).ves.448;PROVIDENT S C;['Providentia'];Altar;TRUE;['Providentia']
33119;http://numismatics.org/ocre/id/ric.3.com.281a;DIS GENITALIBVS;['Genius', 'Genius of Lugdunum', 'Genius of the Senate', 'Italia'];Garlanded and lighted rectangular altar;TRUE;['Genius']
33522;http://numismatics.org/ocre/id/ric.4.tr_d.166;P M TR P II CONS V;['Constantia', 'Constantinopolis'];Herennius Etruscus, togate, standing left, sacrificing out of patera in right hand over altar;FALSE;['Constantia', 'Constantinopolis']
33585;http://numismatics.org/ocre/id/ric.1(2).aug.54B;FORT RED CAES AVG S P Q R;['Fortuna', 'Fortuna Felix', 'Fortuna Victrix'];Legend in three lines inscribed on rectangular altar;TRUE;['Fortuna']
33743;http://numismatics.org/ocre/id/ric.5.val_ii.24k;CONSECRATIO;['Constantia', 'Constantinopolis'];Altar;FALSE;['Constantia', 'Constantinopolis']
33762;http://numismatics.org/ocre/id/ric.5.car.49;CONSECRATIO;['Constantia', 'Constantinopolis'];Altar;FALSE;['Constantia', 'Constantinopolis']
33767;http://numismatics.org/ocre/id/ric.4.el.132;SACERD DEI SOLIS ELAGAB;['Sol'];"Elagabalus, in Syrian priestly robes, standing right, sacrificing out of patera in right hand over lighted altar, holding upright club in left hand; in field, star";TRUE;['Sol']
34168;http://numismatics.org/ocre/id/ric.3.m_aur.430;CONSECRATIO;['Constantia', 'Constantinopolis'];Eagle standing right, head left, on altar;FALSE;['Constantia', 'Constantinopolis']
34612;http://numismatics.org/ocre/id/ric.4.tr_d.82B;CONSECRATIO;['Constantia', 'Constantinopolis'];Rectangular altar, with four panels in front, lighted;FALSE;['Constantia', 'Constantinopolis']
35255;http://numismatics.org/ocre/id/ric.4.tr_d.84A;CONSECRATIO;['Constantia', 'Constantinopolis'];Rectangular altar, with four panels in front, lighted;FALSE;['Constantia', 'Constantinopolis']
35286;http://numismatics.org/ocre/id/ric.4.tr_d.82;CONSECRATIO;['Constantia', 'Constantinopolis'];Rectangular altar, with four panels in front, lighted;FALSE;['Constantia', 'Constantinopolis']
35585;http://numismatics.org/ocre/id/ric.5.tet_i.261;PROVID AVG;['Providentia'];Pontifical implements and altar;TRUE;['Providentia']
35720;http://numismatics.org/ocre/id/ric.5.qjg.1;CONSECRATIO;['Constantia', 'Constantinopolis'];Altar;FALSE;['Constantia', 'Constantinopolis']
36157;http://numismatics.org/ocre/id/ric.5.reg.2;CONCOR(rev. D)IA AVGG;['Concordia'];"Regalianus and Dryantilla, standing facing each other; between, altar";TRUE;['Concordia']
36687;http://numismatics.org/ocre/id/ric.1(2).gal.207;SALVS GEN HVMANI;['Salus', 'Salus Augusta'];Female figure, draped, standing left, right foot on globe, holding patera over altar with right hand and upright rudder with left;TRUE;['Salus']
36824;http://numismatics.org/ocre/id/ric.5.gall(1).447a.3;PIETAS AVGG;['Pietas'];"Gallienus and Valerian, standing face to face, sacrificing at altar; right figure holding patera in right hand and parazonium in left hand (?); left figure holding patera in right hand and eagle-tipped sceptre in left hand";TRUE;['Pietas']
37061;http://numismatics.org/ocre/id/ric.1(2).aug.53B;FORT RED CAES AVG S P Q R;['Fortuna', 'Fortuna Felix', 'Fortuna Victrix'];Legend in three lines inscribed on rectangular altar;TRUE;['Fortuna']
37271;http://numismatics.org/ocre/id/ric.2_1(2).tit.452;IMP T CAES AVG RESTITVIT S C PROVIDENT;['Providentia'];Altar;TRUE;['Providentia']
37277;http://numismatics.org/ocre/id/ric.3.ant.1066;VOTA SOL DEC II COS IIII S C;['Sol', 'Sol Invictus'];"Antoninus Pius, standing left, sacrificing with patera over tripod, left arm at side; by altar, bull reclining";FALSE;['Sol', 'Sol Invictus']
37444;http://numismatics.org/ocre/id/ric.2_1(2).ves.10;PROVID S C;['Providentia'];Altar;TRUE;['Providentia']
37561;http://numismatics.org/ocre/id/ric.3.com.140;VOT SOL DEC P M TR P XI IMP VIII COS V P P;['Sol', 'Sol Invictus'];"Commodus, veiled, togate, standing left, sacrificing over lighted altar from patera in right hand; to left, victim";FALSE;['Sol', 'Sol Invictus']
37820;http://numismatics.org/ocre/id/ric.3.ant.1008;VOTA SOL DEC II COS IIII S C;['Sol', 'Sol Invictus'];"Antoninus Pius, standing left, sacrificing with patera over tripod, left arm at side; by altar, bull reclining";FALSE;['Sol', 'Sol Invictus']
37846;http://numismatics.org/ocre/id/ric.4.pn.68;PIETATI AVG;['Pietas'];Pescennius Niger, veiled, togate, standing left, sacrificing out of patera in right hand over altar;TRUE;['Pietas']
37905;http://numismatics.org/ocre/id/ric.5.qu.15;CONSECRATIO;['Constantia', 'Constantinopolis'];Altar or eagle;FALSE;['Constantia', 'Constantinopolis']
38079;http://numismatics.org/ocre/id/ric.4.tr_d.84B;CONSECRATIO;['Constantia', 'Constantinopolis'];Rectangular altar, with four panels in front, lighted;FALSE;['Constantia', 'Constantinopolis']
38275;http://numismatics.org/ocre/id/ric.5.cg.266;CONSECRATIO;['Constantia', 'Constantinopolis'];Altar, eagle to right or left;FALSE;['Constantia', 'Constantinopolis']
38527;http://numismatics.org/ocre/id/ric.4.tr_d.86A;CONSECRATIO;['Constantia', 'Constantinopolis'];Rectangular altar, with four panels in front, lighted;FALSE;['Constantia', 'Constantinopolis']
38695;http://numismatics.org/ocre/id/ric.2_1(2).ves.630;PROVIDENT S C;['Providentia'];Altar;TRUE;['Providentia']
38840;http://numismatics.org/ocre/id/ric.3.m_aur.746;CONSECRATIO;['Constantia', 'Constantinopolis'];Rectangular altar, with horns at left and right, and door on front (sometimes decorated with palms);FALSE;['Constantia', 'Constantinopolis']
38926;http://numismatics.org/ocre/id/ric.2_1(2).dom.210;SALVTI AVGVST S C;['Salus', 'Salus Augusta'];Rectangular altar with three steps, door with four panels, horns at ends;TRUE;['Salus', 'Salus Augusta']
38939;http://numismatics.org/ocre/id/ric.2_1(2).dom.418;SALVTI AVGVSTI S C;['Salus', 'Salus Augusta'];Rectangular altar with four steps, door with four panels and lion's head knockers, flanked by two pilasters, horns on corners;TRUE;['Salus', 'Salus Augusta']
39166;http://numismatics.org/ocre/id/ric.5.aur.138;PIETAS AVG;['Pietas'];Aurelian and priest, sacrificing at altar;TRUE;['Pietas']
39229;http://numismatics.org/ocre/id/ric.3.com.262;VOT SOLV PRO SAL P R;['Sol'];"Commodus, veiled, togate, standing left, sacrificing over lighted altar from patera in right hand; by tripod, bull";FALSE;['Sol']
39493;http://numismatics.org/ocre/id/ric.2_1(2).dom.618;COS XIIII LVD SAEC FEC S C;['Saeculum Frugiferum'];"Domitian sacrificing left over altar; hexastyle temple behind; flute and lyre players flanking";FALSE;['Saeculum Frugiferum']
39693;http://numismatics.org/ocre/id/ric.3.m_aur.1661;MATRI CASTRORVM S C;['Castor'];"Faustina, veiled, draped, standing left, sacrificing onto decorated and lighted altar from patera in right hand and holding incense-box in left hand; to left, two standards.";FALSE;['Castor']
39801;http://numismatics.org/ocre/id/ric.1(2).aug.55;FORTVN REDV CAESARI AVG S P Q R;['Fortuna', 'Fortuna Felix', 'Fortuna Victrix'];Legend in three lines inscribed on rectangular altar;TRUE;['Fortuna']
39936;http://numismatics.org/ocre/id/ric.2_1(2).ves.315;PROVIDEN S C;['Providentia'];Altar;TRUE;['Providentia']
39966;http://numismatics.org/ocre/id/ric.5.car.473;CONSECRATIO;['Constantia', 'Constantinopolis'];Eagle standing on altar;FALSE;['Constantia', 'Constantinopolis']
40137;http://numismatics.org/ocre/id/ric.5.cara.1028;VICTORIA AVGG;['Victory'];Woman, draped, standing left by altar, holding patera in right hand and sceptre in left hand;TRUE;['Victory']
40229;http://numismatics.org/ocre/id/ric.3.m_aur.247;VOTA SOL DECENN COS III;['Sol', 'Sol Invictus'];Marcus Aurelius, veiled, togate, standing left, sacrificing out of patera in right hand over lighted altar left, holding roll in left hand at side: by altar, a bull prostrate.;FALSE;['Sol', 'Sol Invictus']
40873;http://numismatics.org/ocre/id/ric.4.tr_d.94;CONSECRATIO;['Constantia', 'Constantinopolis'];Rectangular altar, with four panels in front, lighted;FALSE;['Constantia', 'Constantinopolis']
41009;http://numismatics.org/ocre/id/ric.4.ss.567_denarius;MATRI CASTRORVM;['Castor'];"Julia Domna, veiled, draped, standing left, sacrificing out of patera in right hand over altar and holding a box of incense in left hand; to left, two standards";FALSE;['Castor']
41193;http://numismatics.org/ocre/id/ric.5.val_ii.25;CONSECRATIO;['Constantia', 'Constantinopolis'];Altar;FALSE;['Constantia', 'Constantinopolis']
41409;http://numismatics.org/ocre/id/ric.4.el.370;SACERD DEI SOLIS ELAGAB S C;['Sol'];"Elagabalus, in Syrian priestly robes, standing left, sacrificing out of patera in right hand over lighted altar, holding cypress-branch in left hand; in field, star";TRUE;['Sol']
41440;http://numismatics.org/ocre/id/ric.2_1(2).dom.619;COS XIIII LVD SAEC FEC S C;['Saeculum Frugiferum'];"Domitian standing left over altar; victimarius with sheep and goat left; flute and lyre players right; hexastyle column with eagle in pediment behind";FALSE;['Saeculum Frugiferum']
42010;http://numismatics.org/ocre/id/ric.2_1(2).tit.455;IMP T VESP AVG REST S C PROVIDENT;['Providentia'];Altar;TRUE;['Providentia']
42067;http://numismatics.org/ocre/id/ric.5.gall(1).447c.1;PIETAS AVGG;['Pietas'];"Gallienus and Valerian, standing face to face, sacrificing at altar; right figure holding patera in right hand and parazonium in left hand (?); left figure holding patera in right hand and eagle-tipped sceptre in left hand";TRUE;['Pietas']
42072;http://numismatics.org/ocre/id/ric.1(2).gal.232;SALVS GEN HVMANI;['Salus', 'Salus Augusta'];Female figure, draped, standing left, right foot on globe, holding patera over altar with right hand and upright rudder with left;TRUE;['Salus']
42436;http://numismatics.org/ocre/id/ric.3.m_aur.432;CONSECRATIO;['Constantia', 'Constantinopolis'];Eagle standing right, head left, on altar decoraed with garlands;FALSE;['Constantia', 'Constantinopolis']
42476;http://numismatics.org/ocre/id/ric.3.ant.292E;VOTA SOL DECENN II COS IIII;['Sol', 'Sol Invictus'];Antoninus Pius, veiled, togate. standing left, sacrificing out of patera in right hand over tripod-altar left, and holding roll in left hand at side: beside altar, a prostrate bulleft;FALSE;['Sol', 'Sol Invictus']
42747;http://numismatics.org/ocre/id/ric.4.ss.563A;MATER CASTRORVM;['Castor'];"Julia Domna, draped, standing left, sacrificing out of patera in right hand over altar around which serpent coils and holding caduceus in right hand; to left, three standards";FALSE;['Castor']
43047;http://numismatics.org/ocre/id/ric.2_1(2).ves.591;PROVIDENT S C;['Providentia'];Altar;TRUE;['Providentia']
43085;http://numismatics.org/ocre/id/ric.4.tr_d.96;CONSECRATIO;['Constantia', 'Constantinopolis'];Rectangular altar, with four panels in front, lighted;FALSE;['Constantia', 'Constantinopolis']
43478;http://numismatics.org/ocre/id/ric.1(2).gal.146;SALVS GEN HVMANI;['Salus', 'Salus Augusta'];Female figure, draped, standing left, right foot on globe, holding patera over altar with right hand and upright rudder with left;TRUE;['Salus']
43660;http://numismatics.org/ocre/id/ric.1(2).aug.411;C ANTIST REGIN FOE DVS P R QVM GABINIS;['Antioch'];Two veiled priests holding pig over altar;FALSE;['Antioch']
43775;http://numismatics.org/ocre/id/ric.2_1(2).dom.227;SALVTI AVGVSTI S C;['Salus', 'Salus Augusta'];Rectangular altar with three steps, door with four panels, horns at ends;TRUE;['Salus', 'Salus Augusta']
44437;http://numismatics.org/ocre/id/ric.4.el.194;SACERD DEI SOLIS ELAGAB;['Sol'];"Elagabalus, in Syrian priestly robes, standing left, sacrificing out of patera in right hand over lighted altar, and holding upright club in left hand; in field, star";TRUE;['Sol']
44830;http://numismatics.org/ocre/id/ric.1(2).gal.171;SALVS GEN HVMANI;['Salus', 'Salus Augusta'];Female figure, draped, standing left, right foot on globe, holding patera over altar with right hand and upright rudder with left;TRUE;['Salus', 'Salus Augusta']
45514;http://numismatics.org/ocre/id/ric.2_1(2).tit.450;IMP T VESP AVG REST S C PROVIDENT;['Providentia'];Altar;TRUE;['Providentia']
45574;http://numismatics.org/ocre/id/ric.2_1(2).ves.592;PROVIDENT S C;['Providentia'];Altar;TRUE;['Providentia']
45881;http://numismatics.org/ocre/id/ric.1(2).aug.53A;FORT RED CAES AVG S P Q R;['Fortuna', 'Fortuna Felix', 'Fortuna Victrix'];Legend in three lines inscribed on rectangular altar;TRUE;['Fortuna']
46147;http://numismatics.org/ocre/id/ric.5.gall(1).447c.3;PIETAS AVGG;['Pietas'];"Gallienus and Valerian, standing face to face, sacrificing at altar; right figure holding patera in right hand and parazonium in left hand (?); left figure holding patera in right hand and eagle-tipped sceptre in left hand";TRUE;['Pietas']
46381;http://numismatics.org/ocre/id/ric.3.com.657;CONSECRATIO S C;['Constantia', 'Constantinopolis'];Eagle, head left, standing right on garlanded altar;FALSE;['Constantia', 'Constantinopolis']
46410;http://numismatics.org/ocre/id/ric.5.val_i.285.1;PIETAS AVGG;['Pietas'];Valerian and Gallienus, standing face to face, sacrificing at altar between them;TRUE;['Pietas']
46736;http://numismatics.org/ocre/id/ric.5.car.474;CONSECRATIO;['Constantia', 'Constantinopolis'];Altar;FALSE;['Constantia', 'Constantinopolis']
46877;http://numismatics.org/ocre/id/ric.3.ant.1027;VOTA SOL DECENN II COS IIII S C;['Sol', 'Sol Invictus'];"Antoninus Pius, standing left, sacrificing with patera over tripod, left arm at side; by altar, bull reclining";FALSE;['Sol', 'Sol Invictus']
47020;http://numismatics.org/ocre/id/ric.2_1(2).dom.620;COS XIIII LVD SAEC FEC S C;['Saeculum Frugiferum'];"Domitian standing left over altar; victimarius with bull left; flute and lyre players right; hexastyle column with wreath in pediment behind";FALSE;['Saeculum Frugiferum']
47317;http://numismatics.org/ocre/id/ric.2_1(2).tit.457;IMP T VESP AVG REST S C PROVIDENT;['Providentia'];Altar;TRUE;['Providentia']
47556;http://numismatics.org/ocre/id/ric.5.gall(2).337;CONSECRATIO;['Constantia', 'Constantinopolis'];Lighted altar or eagle;FALSE;['Constantia', 'Constantinopolis']
47712;http://numismatics.org/ocre/id/ric.2_1(2).ves.316;PROVIDEN S C;['Providentia'];Altar;TRUE;['Providentia']
47800;http://numismatics.org/ocre/id/ric.3.ant.792;VOTA SOL DEC II COS IIII S C;['Sol', 'Sol Invictus'];Antoninus Pius, veiled, draped, standing, left, sacrificing out of patera in right hand over tripod-altar left, left hand holding roll at side: by altar, prostrate bull, left;FALSE;['Sol', 'Sol Invictus']
47834;http://numismatics.org/ocre/id/ric.4.gor_iii.176;CONCORDIA AVG;['Concordia'];Gordian III, veiled, togate, standing left, sacrificing out of patera in right hand over altar and holding sceptre in left hand;TRUE;['Concordia']
47937;http://numismatics.org/ocre/id/ric.2_1(2).tit.453;IMP T VESP REST S C PROVIDENT;['Providentia'];Altar;TRUE;['Providentia']
48012;http://numismatics.org/ocre/id/ric.2_1(2).dom.304;SALVTI AVGVSTI S C;['Salus', 'Salus Augusta'];Rectangular altar with three steps, door with four panels, horns at ends;TRUE;['Salus', 'Salus Augusta']
48017;http://numismatics.org/ocre/id/ric.4.ss.881_dupondius;MATER CASTRORVM S C;['Castor'];"Julia Domna, diademed and veiled, draped, standing left, sacrificing out of patera in right hand over altar, holding caduceus in left hand; in front, three standards";FALSE;['Castor']
48053;http://numismatics.org/ocre/id/ric.2_1(2).dom.626;COS XIIII LVD SAEC FEC S C;['Saeculum Frugiferum'];"Domitian standing left over altar; victimarius with bull left; flute and lyre players right; hexastyle column behind";FALSE;['Saeculum Frugiferum']
48070;http://numismatics.org/ocre/id/ric.1(2).aug.369;PRO VALETVDINE CAESARIS S P Q R;['Valeria Luperca'];"Veiled priest standing left, holding patera over altar right; victimarius leads bull to same altar with knife";FALSE;['Valeria Luperca']
48108;http://numismatics.org/ocre/id/ric.5.aur.321;AVRELIANVS AVG CONS;['Constantia', 'Constantinopolis'];Aurelian, standing left, sacrificing at altar, holding patera in right hand and long sceptre in left hand;FALSE;['Constantia', 'Constantinopolis']
48259;http://numismatics.org/ocre/id/ric.1(2).vit.173;PROVIDENT S C;['Providentia'];Altar enclosure with double paneled door and projections at top corners;TRUE;['Providentia']
48335;http://numismatics.org/ocre/id/ric.5.val_ii.24c;CONSECRATIO;['Constantia', 'Constantinopolis'];Altar;FALSE;['Constantia', 'Constantinopolis']
48425;http://numismatics.org/ocre/id/ric.4.el.369;SACERD DEI SOLIS ELAGAB S C;['Sol'];"Elagabalus, in Syrian priestly robes, standing left, sacrificing out of patera in right hand over lighted altar, holding club in left hand; in field, star";TRUE;['Sol']
48455;http://numismatics.org/ocre/id/ric.5.gall(1).447a.2;PIETAS AVGG;['Pietas'];"Gallienus and Valerian, standing face to face, sacrificing at altar; right figure holding patera in right hand and parazonium in left hand (?); left figure holding patera in right hand and eagle-tipped sceptre in left hand";TRUE;['Pietas']
48522;http://numismatics.org/ocre/id/ric.4.tr_d.84;CONSECRATIO;['Constantia', 'Constantinopolis'];Rectangular altar, with four panels in front, lighted;FALSE;['Constantia', 'Constantinopolis']
48914;http://numismatics.org/ocre/id/ric.2_1(2).dom.224;SALVTI AVGVST S C;['Salus', 'Salus Augusta'];Rectangular altar with three steps, door with four panels, horns at ends;TRUE;['Salus', 'Salus Augusta']
48933;http://numismatics.org/ocre/id/ric.2_1(2).ves.314;PROVIDE S C;['Providentia'];Altar;TRUE;['Providentia']
48991;http://numismatics.org/ocre/id/ric.4.ss.880_as;MATER CASTRORVM S C;['Castor'];"Julia Domna, diademed and veiled, draped, standing left, sacrificing out of patera in right hand over altar, holding sceptre in left hand; in front, three standards";FALSE;['Castor']
49794;http://numismatics.org/ocre/id/ric.1(2).gal.213;SALVS GEN HVMANI;['Salus', 'Salus Augusta'];Female figure, draped, standing left, right foot on globe, holding patera over altar with right hand and upright rudder with left;TRUE;['Salus']
49990;http://numismatics.org/ocre/id/ric.2_1(2).dom.385;SALVTI AVGVSTI S C;['Salus', 'Salus Augusta'];Rectangular altar with four steps, door with four panels and lion's head knockers, flanked by two pilasters, horns on corners;TRUE;['Salus', 'Salus Augusta']
50384;http://numismatics.org/ocre/id/ric.3.ant.1191Aa_dupondius;PIET AVG S C;['Pietas'];Rectangular altar, with door in front.;TRUE;['Pietas']
51309;http://numismatics.org/ocre/id/ric.1(2).gal.97;SALVS GENERIS HVMANI;['Salus', 'Salus Augusta'];Female figure, draped, standing left, right foot on globe, holding patera over altar with right hand and upright rudder with left;TRUE;['Salus']
